CREATE DATABASE PSD;

USE PSD;

/*--------------------------CREATE TABLE---------------------------------------*/

CREATE TABLE users(
 ID INT NOT NULL ,
 NAME VARCHAR(25) NOT NULL UNIQUE ,
 PASS VARCHAR(25) NOT NULL ,
 INFORMATION VARCHAR(100),
 PRIMARY KEY (ID)
);

CREATE TABLE chats(
 ID INT(10) NOT NULL,
 ID_ADMIN INT(10) NOT NULL,
 DECRIPTION VARCHAR(100),
 PRIMARY KEY(ID),
 FOREIGN KEY (ID_ADMIN) REFERENCES users(ID)
);

CREATE TABLE friends(
 ID1 INT(10) NOT NULL, 
 ID2 INT(10) NOT NULL,
 FOREIGN KEY (ID1) REFERENCES users(ID),
 FOREIGN KEY (ID2) REFERENCES users(ID) 
);

CREATE TABLE users_chats(
 ID_USERS INT(10) NOT NULL, 
 ID_CHAT INT(10) NOT NULL,
 FOREIGN KEY (ID_USERS) REFERENCES users(ID),
 FOREIGN KEY (ID_CHAT) REFERENCES chats(ID) 
);

CREATE TABLE messages(
 ID_SENDER INT(10) NOT NULL, 
 ID_CHAT INT(10) NOT NULL,
 FILE_ INT(1) NOT NULL,
 TEXT VARCHAR(500) ,
 SEND_TIMESTAMP TIME,
 RECEIVE_TIMESTAMP TIME,
 FOREIGN KEY (ID_SENDER) REFERENCES users(ID),
 FOREIGN KEY (ID_CHAT) REFERENCES chats(ID) 
);

CREATE TABLE request(
 ID1 INT(10) NOT NULL, 
 ID2_request INT(10) NOT NULL,
 FOREIGN KEY (ID1) REFERENCES users(ID),
 FOREIGN KEY (ID2_request) REFERENCES users(ID) 
);


/*--------------------------INSERT DATA---------------------------------------*/

/*TABLE USERS*/

INSERT INTO users(ID,NAME,PASS,INFORMATION) VALUES(1,'Pepe','contrasena1','Guapo');
INSERT INTO users(ID,NAME,PASS,INFORMATION) VALUES(2,'Antonio','contrasena2','Feo');
INSERT INTO users(ID,NAME,PASS,INFORMATION) VALUES(3,'Maria','contrasena3','Gorda');
INSERT INTO users(ID,NAME,PASS,INFORMATION) VALUES(4,'Carmen','contrasena4','Delgada');
INSERT INTO users(ID,NAME,PASS,INFORMATION) VALUES(6,'Carlos','contrasena5','Indiferente');

/*TABLE CHATS*/

INSERT INTO chats(ID,ID_ADMIN,DECRIPTION) VALUES(1,1,'chat 1');
INSERT INTO chats(ID,ID_ADMIN,DECRIPTION) VALUES(2,1,'chat 2');
INSERT INTO chats(ID,ID_ADMIN,DECRIPTION) VALUES(3,2,'chat 3');

/*TABLE USER_CHATS*/

INSERT INTO users_chats(ID_USERS,ID_CHAT) VALUES(1,1);
INSERT INTO users_chats(ID_USERS,ID_CHAT) VALUES(1,2);
INSERT INTO users_chats(ID_USERS,ID_CHAT) VALUES(2,3);
INSERT INTO users_chats(ID_USERS,ID_CHAT) VALUES(3,3);
INSERT INTO users_chats(ID_USERS,ID_CHAT) VALUES(4,3);

/*TABLE FRIENS*/

INSERT INTO friends(ID1,ID2) VALUES(1,2);
INSERT INTO friends(ID1,ID2) VALUES(3,2);
INSERT INTO friends(ID1,ID2) VALUES(3,4);
INSERT INTO friends(ID1,ID2) VALUES(2,4);

/*TABLE REQUEST*/

INSERT INTO request(ID1,ID2_request) VALUES(1,3);
INSERT INTO request(ID1,ID2_request) VALUES(4,6);
INSERT INTO request(ID1,ID2_request) VALUES(6,2);


